reviewer_name,rating
Jackson White,5
Ethan Adams,4
Emma Richardson,5
Noah Reed,4
Olivia Perry,4
Ava Johnson,3
Oliver Lewis,3
Aiden Coleman,3
Ava Bennett,4
Mia Rodriguez,4
Ava Henderson,3
Oliver Rogers,2
Emma Murphy,2
Liam Taylor,2
Oliver Moore,3
Emma Cooper,4
Liam Carter,3
Lucas Ward,5
Sophia Brooks,3
Lucas Bennett,4
Mia Foster,3
Harper Baker,3
Jackson Morris,4
Liam Gray,2
Noah Myers,3
Harper Cook,5
Logan Mitchell,4
Nathan Turner,5
Isabella Parker,3
Sophia Turner,5
Ava Scott,3
Lucas Nelson,2
Jackson Rivera,5
Mia Wright,3
Logan Simmons,5
Aiden Harris,2
Emma Hayes,3
Sophia Collins,5
Harper Evans,5
Aiden Alexander,5
Mia Watson,4
Aiden Hill,4
Liam Bryant,2
Harper James,3
Jackson King,1
Mia Kelly,3
Noah Hall,3
Olivia Foster,3
Isabella Sullivan,3
Amelia Martin,5
Noah Thompson,4
Olivia Adams,4
Isabella Price,4
Isabella Wright,4
Sophia Nelson,3
